,review
0,https://www.amazon.in/Redmi-Black-Diamond-6GB-128GB/product-reviews/B0D78WKY12/ref=cm_cr_dp_d_show_all_btm?ie=UTF8&reviewerType=all_reviews
1,https://www.amazon.in/Redmi-Arctic-Storage-Flagship-TurboCharge/product-reviews/B0CRQFGKXG/ref=cm_cr_dp_d_show_all_btm?ie=UTF8&reviewerType=all_reviews
2,https://www.amazon.in/Stardust-Storage-Powered-Mediatek-Display/product-reviews/B0CMTTRN8M/ref=cm_cr_dp_d_show_all_btm?ie=UTF8&reviewerType=all_reviews
3,https://www.amazon.in/realme-Storage-Chipset-Comfort-Display/product-reviews/B0D3GYZ82S/ref=cm_cr_dp_d_show_all_btm?ie=UTF8&reviewerType=all_reviews
4,https://www.amazon.in/OnePlus-Super-Silver-128GB-Storage/product-reviews/B0D5YCYS1G/ref=cm_cr_dp_d_show_all_btm?ie=UTF8&reviewerType=all_reviews
5,https://www.amazon.in/POCO-C65-Pastel-Blue-128GB/product-reviews/B0CQG4RX37/ref=cm_cr_dp_d_show_all_btm?ie=UTF8&reviewerType=all_reviews
6,https://www.amazon.in/Redmi-Startrail-Storage-MediaTek-Dimensity/product-reviews/B0CNX82VVQ/ref=cm_cr_dp_d_show_all_btm?ie=UTF8&reviewerType=all_reviews
7,https://www.amazon.in/realme-Storage-Comfort-Resistance-48-Month/product-reviews/B0D947DTLT/ref=cm_cr_dp_d_show_all_btm?ie=UTF8&reviewerType=all_reviews
8,https://www.amazon.in/Starshine-Storage-Powered-MediaTek-Display/product-reviews/B0CMTZNPXR/ref=cm_cr_dp_d_show_all_btm?ie=UTF8&reviewerType=all_reviews
9,https://www.amazon.in/Nokia-Snapdragon%C2%AE-Virtual-Upgrades-Included/product-reviews/B0CDXHYHZ6/ref=cm_cr_dp_d_show_all_btm?ie=UTF8&reviewerType=all_reviews
10,No Link
11,https://www.amazon.in/DR-ESSENVOLT-Charger-Charging-Smartphones/product-reviews/B0D9Y6JKM9/ref=cm_cr_dp_d_show_all_btm?ie=UTF8&reviewerType=all_reviews
12,https://www.amazon.in/Samsung-Celestial-MediaTek-Dimensity-Security/product-reviews/B0CYQ2N8JR/ref=cm_cr_dp_d_show_all_btm?ie=UTF8&reviewerType=all_reviews
13,https://www.amazon.in/realme-Storage-Chipset-Comfort-Display/product-reviews/B0D3GX1VFM/ref=cm_cr_dp_d_show_all_btm?ie=UTF8&reviewerType=all_reviews
14,https://www.amazon.in/realme-Storage-Display-Dimensity-Charger/product-reviews/B0CZS3B3PY/ref=cm_cr_dp_d_show_all_btm?ie=UTF8&reviewerType=all_reviews
15,https://www.amazon.in/Redmi-Pastel-Blue-8GB-256GB/product-reviews/B0C9JFBGSJ/ref=cm_cr_dp_d_show_all_btm?ie=UTF8&reviewerType=all_reviews
16,https://www.amazon.in/OnePlus-Nord-Chromatic-128GB-Storage/product-reviews/B0BY8MCQ9S/ref=cm_cr_dp_d_show_all_btm?ie=UTF8&reviewerType=all_reviews
17,https://www.amazon.in/Redmi-Startrail-Storage-MediaTek-Dimensity/product-reviews/B0CNX6WVG5/ref=cm_cr_dp_d_show_all_btm?ie=UTF8&reviewerType=all_reviews
18,https://www.amazon.in/iQOO-Storage-Dimensity-Camera-Charger/product-reviews/B07WHSNYL5/ref=cm_cr_dp_d_show_all_btm?ie=UTF8&reviewerType=all_reviews
19,https://www.amazon.in/Lava-Blaze-5G-Green-Expandable/product-reviews/B0BSTVXFWD/ref=cm_cr_dp_d_show_all_btm?ie=UTF8&reviewerType=all_reviews
20,https://www.amazon.in/K-S-G-Protector-Compatible-GLE-Transparent/product-reviews/B0CBVQ7NPT/ref=cm_cr_dp_d_show_all_btm?ie=UTF8&reviewerType=all_reviews
21,No Link
22,https://www.amazon.in/Spigen-OneTap-MagFit-MagSafe-Designed/product-reviews/B0BG3DQ91R/ref=cm_cr_dp_d_show_all_btm?ie=UTF8&reviewerType=all_reviews
23,https://www.amazon.in/Spigen-Dashboard-Compatible-Technology-Magnetically/product-reviews/B08Y2DK4XY/ref=cm_cr_dp_d_show_all_btm?ie=UTF8&reviewerType=all_reviews
24,https://www.amazon.in/Oneplus-Nord-Chrome-256GB-Storage/product-reviews/B0CX5BZXLF/ref=cm_cr_dp_d_show_all_btm?ie=UTF8&reviewerType=all_reviews
25,https://www.amazon.in/realme-Storage-Dimensity-Chipset-Flagship/product-reviews/B0CW61C6LK/ref=cm_cr_dp_d_show_all_btm?ie=UTF8&reviewerType=all_reviews
26,https://www.amazon.in/Redmi-Jade-Black-8GB-256GB/product-reviews/B0C9J97S7Q/ref=cm_cr_dp_d_show_all_btm?ie=UTF8&reviewerType=all_reviews
27,https://www.amazon.in/OnePlus-Ultra-Orange-128GB-Storage/product-reviews/B0D5YDJ5QM/ref=cm_cr_dp_d_show_all_btm?ie=UTF8&reviewerType=all_reviews
28,https://www.amazon.in/realme-Storage-Comfort-Resistance-48-Month/product-reviews/B0D9482G3M/ref=cm_cr_dp_d_show_all_btm?ie=UTF8&reviewerType=all_reviews
29,https://www.amazon.in/POCO-Orion-Blue-128GB-Storage/product-reviews/B0CQVRKCSY/ref=cm_cr_dp_d_show_all_btm?ie=UTF8&reviewerType=all_reviews
30,https://www.amazon.in/realme-Storage-Dimensity-Chipset-Display/product-reviews/B0CZS6BMPB/ref=cm_cr_dp_d_show_all_btm?ie=UTF8&reviewerType=all_reviews
31,https://www.amazon.in/realme-Storage-Flagship-Chipset-Brightest/product-reviews/B0D3J5PTSX/ref=cm_cr_dp_d_show_all_btm?ie=UTF8&reviewerType=all_reviews
32,https://www.amazon.in/Spigen-Designed-Magsafe-Compatible-Technology/product-reviews/B08Y2N3P55/ref=cm_cr_dp_d_show_all_btm?ie=UTF8&reviewerType=all_reviews
33,No Link
34,https://www.amazon.in/Redmi-Moonstone-Silver-8GB-256GB/product-reviews/B0C9JFM6X6/ref=cm_cr_dp_d_show_all_btm?ie=UTF8&reviewerType=all_reviews
35,https://www.amazon.in/POCO-Dimensity-Processor-Dual-Camera-Fingerprint/product-reviews/B0CQVPXW4C/ref=cm_cr_dp_d_show_all_btm?ie=UTF8&reviewerType=all_reviews
36,https://www.amazon.in/Starfrost-Storage-Powered-MediaTek-Display/product-reviews/B0CMTX362W/ref=cm_cr_dp_d_show_all_btm?ie=UTF8&reviewerType=all_reviews
37,https://www.amazon.in/iQOO-Storage-Dimensity-Camera-Charger/product-reviews/B07WJTB99S/ref=cm_cr_dp_d_show_all_btm?ie=UTF8&reviewerType=all_reviews
38,https://www.amazon.in/POCO-Dimensity-Processor-Dual-Camera-Fingerprint/product-reviews/B0CQVSPVR7/ref=cm_cr_dp_d_show_all_btm?ie=UTF8&reviewerType=all_reviews
39,https://www.amazon.in/iQOO-Storage-Dimensity-Camera-Charger/product-reviews/B07WHQS4LB/ref=cm_cr_dp_d_show_all_btm?ie=UTF8&reviewerType=all_reviews
40,https://www.amazon.in/Motorola-Edge-Fusion-256GB-Storage/product-reviews/B0D4JNVVHH/ref=cm_cr_dp_d_show_all_btm?ie=UTF8&reviewerType=all_reviews
41,https://www.amazon.in/Redmi-Starlight-Storage-MediaTek-Dimensity/product-reviews/B0CNX89QR8/ref=cm_cr_dp_d_show_all_btm?ie=UTF8&reviewerType=all_reviews
42,No Link
43,No Link
44,https://www.amazon.in/Spigen-OneTap-MagSafe-Charger-Designed/product-reviews/B0BGMDJ1Z3/ref=cm_cr_dp_d_show_all_btm?ie=UTF8&reviewerType=all_reviews
45,https://www.amazon.in/pTron-Volta-FC22-Compatible-Superfast/product-reviews/B0CZS5M785/ref=cm_cr_dp_d_show_all_btm?ie=UTF8&reviewerType=all_reviews
46,https://www.amazon.in/Redmi-Starlight-Storage-MediaTek-Dimensity/product-reviews/B0CNX6WVZF/ref=cm_cr_dp_d_show_all_btm?ie=UTF8&reviewerType=all_reviews
47,https://www.amazon.in/OnePlus-Nord-Pastel-256GB-Storage/product-reviews/B0BY8JV4PX/ref=cm_cr_dp_d_show_all_btm?ie=UTF8&reviewerType=all_reviews
48,https://www.amazon.in/realme-Storage-Comfort-Resistance-48-Month/product-reviews/B0D945V84N/ref=cm_cr_dp_d_show_all_btm?ie=UTF8&reviewerType=all_reviews
49,https://www.amazon.in/Display-Dynamic-Octacore-Processor-Battery/product-reviews/B0DBHYQ65L/ref=cm_cr_dp_d_show_all_btm?ie=UTF8&reviewerType=all_reviews
50,No Link
51,https://www.amazon.in/realme-Storage-Dimensity-Chipset-Display/product-reviews/B0CZS4V2Y8/ref=cm_cr_dp_d_show_all_btm?ie=UTF8&reviewerType=all_reviews
52,https://www.amazon.in/Motorola-Edge-Fusion-128GB-Storage/product-reviews/B0D4JMFNN8/ref=cm_cr_dp_d_show_all_btm?ie=UTF8&reviewerType=all_reviews
53,https://www.amazon.in/Samsung-Thunder-Storage-Corning-Gorilla/product-reviews/B0D7Z8CJP8/ref=cm_cr_dp_d_show_all_btm?ie=UTF8&reviewerType=all_reviews
54,No Link
55,No Link
56,https://www.amazon.in/Redmi-Storage-Bezel-Less-Slimmest-Pro-Grade/product-reviews/B0CQPHWB81/ref=cm_cr_dp_d_show_all_btm?ie=UTF8&reviewerType=all_reviews
57,https://www.amazon.in/Starshine-Storage-Powered-MediaTek-Display/product-reviews/B0CMTWJ5RV/ref=cm_cr_dp_d_show_all_btm?ie=UTF8&reviewerType=all_reviews
58,https://www.amazon.in/Midnight-Ultra-Bounce-Anti-Drop-Display-5800mAh/product-reviews/B0CSDQ434W/ref=cm_cr_dp_d_show_all_btm?ie=UTF8&reviewerType=all_reviews
59,https://www.amazon.in/Samsung-Galaxy-Jazzy-Green-Storage/product-reviews/B0CY8D33MQ/ref=cm_cr_dp_d_show_all_btm?ie=UTF8&reviewerType=all_reviews
60,https://www.amazon.in/Samsung-5000mAh-Snapdragon-Processor-Security/product-reviews/B0CV78R7FL/ref=cm_cr_dp_d_show_all_btm?ie=UTF8&reviewerType=all_reviews
61,https://www.amazon.in/realme-Woodland-Portrait-SUPERVOOC-Speakers/product-reviews/B0CX213ZZM/ref=cm_cr_dp_d_show_all_btm?ie=UTF8&reviewerType=all_reviews
62,https://www.amazon.in/Redmi-Orchid-Largest-Display-Segment/product-reviews/B0D78X5CMJ/ref=cm_cr_dp_d_show_all_btm?ie=UTF8&reviewerType=all_reviews
63,https://www.amazon.in/Samsung-Moonlight-Storage-Corning-Gorilla/product-reviews/B0D8134JH8/ref=cm_cr_dp_d_show_all_btm?ie=UTF8&reviewerType=all_reviews
64,https://www.amazon.in/Spigen-Wireless-Charger-Designed-Compatible/product-reviews/B08Y2CXKG5/ref=cm_cr_dp_d_show_all_btm?ie=UTF8&reviewerType=all_reviews
65,https://www.amazon.in/Excelsior-Premium-Leather-Multi-Viewing-Samsung/product-reviews/B08HXVWP65/ref=cm_cr_dp_d_show_all_btm?ie=UTF8&reviewerType=all_reviews
66,https://www.amazon.in/Amkette-PowerPro-Wireless-Charger-23W/product-reviews/B0D637853K/ref=cm_cr_dp_d_show_all_btm?ie=UTF8&reviewerType=all_reviews
67,https://www.amazon.in/Storage-Portrait-SUPERVOOC-Additional-Exchange/product-reviews/B0DCGG7CNW/ref=cm_cr_dp_d_show_all_btm?ie=UTF8&reviewerType=all_reviews
68,https://www.amazon.in/POCO-Snowstorm-White-RAM-Storage/product-reviews/B0CSSD9QJR/ref=cm_cr_dp_d_show_all_btm?ie=UTF8&reviewerType=all_reviews
69,https://www.amazon.in/S21-FE-5G-Graphite-Snapdragon/product-reviews/B0CDQR9QT4/ref=cm_cr_dp_d_show_all_btm?ie=UTF8&reviewerType=all_reviews
70,https://www.amazon.in/realme-12-5G-Navigator-Storage/product-reviews/B0CTJYXF56/ref=cm_cr_dp_d_show_all_btm?ie=UTF8&reviewerType=all_reviews
71,https://www.amazon.in/realme-Storage-Chipset-Comfort-Display/product-reviews/B0D3GY8SC1/ref=cm_cr_dp_d_show_all_btm?ie=UTF8&reviewerType=all_reviews
72,https://www.amazon.in/realme-Storage-Dimensity-Chipset-Display/product-reviews/B0CZS56249/ref=cm_cr_dp_d_show_all_btm?ie=UTF8&reviewerType=all_reviews
73,https://www.amazon.in/realme-Leather-Storage-5000mAh-Durable/product-reviews/B0D54GQVRN/ref=cm_cr_dp_d_show_all_btm?ie=UTF8&reviewerType=all_reviews
74,https://www.amazon.in/HMD-Segment-Primary-Display-Storage/product-reviews/B0D93WGXC9/ref=cm_cr_dp_d_show_all_btm?ie=UTF8&reviewerType=all_reviews
75,https://www.amazon.in/Starfrost-Storage-Powered-MediaTek-Display/product-reviews/B0CMTY5P4V/ref=cm_cr_dp_d_show_all_btm?ie=UTF8&reviewerType=all_reviews
76,No Link
77,https://www.amazon.in/Spigen-Ultra-Hybrid-Version-iPhone/product-reviews/B01M0USRWG/ref=cm_cr_dp_d_show_all_btm?ie=UTF8&reviewerType=all_reviews
78,https://www.amazon.in/realme-Storage-Display-Dimensity-Charger/product-reviews/B0D3WVGD5H/ref=cm_cr_dp_d_show_all_btm?ie=UTF8&reviewerType=all_reviews
79,No Link
80,https://www.amazon.in/Samsung-S21-FE-5G-Snapdragon/product-reviews/B0CKTSXNTP/ref=cm_cr_dp_d_show_all_btm?ie=UTF8&reviewerType=all_reviews
81,https://www.amazon.in/iQOO-Storage-Dimensity-Camera-Charger/product-reviews/B07WFPLL2H/ref=cm_cr_dp_d_show_all_btm?ie=UTF8&reviewerType=all_reviews
82,https://www.amazon.in/Motorola-Edge-Charger-Luxe-Lavender/product-reviews/B0D37QVHYJ/ref=cm_cr_dp_d_show_all_btm?ie=UTF8&reviewerType=all_reviews
83,https://www.amazon.in/Samsung-Galaxy-Smartphone-Olive-Green/product-reviews/B0C1Z8WTS6/ref=cm_cr_dp_d_show_all_btm?ie=UTF8&reviewerType=all_reviews
84,https://www.amazon.in/Storage-Refresh-SUPERVOOC-Additional-Exchange/product-reviews/B0D9HMVKFG/ref=cm_cr_dp_d_show_all_btm?ie=UTF8&reviewerType=all_reviews
85,https://www.amazon.in/OnePlus-Obsidian-Midnight-256GB-Storage/product-reviews/B0D7VGCPDL/ref=cm_cr_dp_d_show_all_btm?ie=UTF8&reviewerType=all_reviews
86,https://www.amazon.in/Apple-iPhone-13-128GB-Midnight/product-reviews/B09G9HD6PD/ref=cm_cr_dp_d_show_all_btm?ie=UTF8&reviewerType=all_reviews
87,https://www.amazon.in/Shootvilla-Tripod-Stand-Payload-Capacity/product-reviews/B01MSAYW8B/ref=cm_cr_dp_d_show_all_btm?ie=UTF8&reviewerType=all_reviews
88,https://www.amazon.in/Spigen-Wireless-Charger-Designed-Compatible/product-reviews/B09153YDDP/ref=cm_cr_dp_d_show_all_btm?ie=UTF8&reviewerType=all_reviews
89,No Link
90,https://www.amazon.in/POCO-Power-Black-128GB-Storage/product-reviews/B0CDRVG19T/ref=cm_cr_dp_d_show_all_btm?ie=UTF8&reviewerType=all_reviews
91,https://www.amazon.in/Stardust-Storage-Powered-MediaTek-Display/product-reviews/B0CMTW9MVK/ref=cm_cr_dp_d_show_all_btm?ie=UTF8&reviewerType=all_reviews
92,https://www.amazon.in/Motorola-Midnight-Storage-Billion-TurboPower/product-reviews/B0CJ6XJZ3R/ref=cm_cr_dp_d_show_all_btm?ie=UTF8&reviewerType=all_reviews
93,https://www.amazon.in/OnePlus-Iron-Gray-256GB-Storage/product-reviews/B0CQYNM3ZF/ref=cm_cr_dp_d_show_all_btm?ie=UTF8&reviewerType=all_reviews
94,https://www.amazon.in/Motorola-Expandable-MediaTek-Dimensity-Processor/product-reviews/B0D3BJ3719/ref=cm_cr_dp_d_show_all_btm?ie=UTF8&reviewerType=all_reviews
95,https://www.amazon.in/POCO-Power-Black-128GB-Storage/product-reviews/B0CJ6T135W/ref=cm_cr_dp_d_show_all_btm?ie=UTF8&reviewerType=all_reviews
96,https://www.amazon.in/Redmi-Orchid-Largest-Display-Segment/product-reviews/B0D78W2HF5/ref=cm_cr_dp_d_show_all_btm?ie=UTF8&reviewerType=all_reviews
97,https://www.amazon.in/Samsung-Storage-Expandable-MediaTek-Dimensity/product-reviews/B0CP7WCMB3/ref=cm_cr_dp_d_show_all_btm?ie=UTF8&reviewerType=all_reviews
98,https://www.amazon.in/Charger-100Watts-Charging-Adapter-Smartphones/product-reviews/B0D3FJHPB8/ref=cm_cr_dp_d_show_all_btm?ie=UTF8&reviewerType=all_reviews
99,https://www.amazon.in/Wayona-USB-Charging-Charger-Compatible/product-reviews/B0BKWJWRZM/ref=cm_cr_dp_d_show_all_btm?ie=UTF8&reviewerType=all_reviews
100,https://www.amazon.in/Oneplus-Nord-Chrome-128GB-Storage/product-reviews/B0CX59H5W7/ref=cm_cr_dp_d_show_all_btm?ie=UTF8&reviewerType=all_reviews
101,https://www.amazon.in/OnePlus-Iron-Gray-128GB-Storage/product-reviews/B0CQYMMP94/ref=cm_cr_dp_d_show_all_btm?ie=UTF8&reviewerType=all_reviews
102,https://www.amazon.in/Redmi-Fusion-Black-512GB-Storage/product-reviews/B0CRQ8R766/ref=cm_cr_dp_d_show_all_btm?ie=UTF8&reviewerType=all_reviews
103,https://www.amazon.in/Moonlight-6-7-inch-Quad-Curved-Display-AI-Powered/product-reviews/B0D6VGQDF4/ref=cm_cr_dp_d_show_all_btm?ie=UTF8&reviewerType=all_reviews
104,https://www.amazon.in/Moto-G85-128-Cobalt-Blue/product-reviews/B0D9LS6MVV/ref=cm_cr_dp_d_show_all_btm?ie=UTF8&reviewerType=all_reviews
105,https://www.amazon.in/POCO-C61-Ethereal-Blue-64GB/product-reviews/B0CYBLHZPW/ref=cm_cr_dp_d_show_all_btm?ie=UTF8&reviewerType=all_reviews
106,https://www.amazon.in/realme-Storage-Comfort-Resistance-48-Month/product-reviews/B0D9455CRW/ref=cm_cr_dp_d_show_all_btm?ie=UTF8&reviewerType=all_reviews
107,https://www.amazon.in/POCO-Pastel-Green-128GB-Storage/product-reviews/B0CY299SKS/ref=cm_cr_dp_d_show_all_btm?ie=UTF8&reviewerType=all_reviews
108,https://www.amazon.in/Spigen-Ultra-Hybrid-057CS22129-iPhone/product-reviews/B074CMHQW5/ref=cm_cr_dp_d_show_all_btm?ie=UTF8&reviewerType=all_reviews
109,https://www.amazon.in/boAt-WCDV-20W-PD-Protection/product-reviews/B0B5LRKYVH/ref=cm_cr_dp_d_show_all_btm?ie=UTF8&reviewerType=all_reviews
110,https://www.amazon.in/Emerald-Portrait-SUPERVOOC-Additional-Exchange/product-reviews/B0DCGGP82Z/ref=cm_cr_dp_d_show_all_btm?ie=UTF8&reviewerType=all_reviews
111,https://www.amazon.in/iQOO-Graphene-Dimensity-Processor-Brightness/product-reviews/B07WFPL2VW/ref=cm_cr_dp_d_show_all_btm?ie=UTF8&reviewerType=all_reviews
112,https://www.amazon.in/realme-Storage-Display-Dimensity-Charger/product-reviews/B0CZS4GZ9H/ref=cm_cr_dp_d_show_all_btm?ie=UTF8&reviewerType=all_reviews
113,https://www.amazon.in/OnePlus-Oasis-Green-256GB-Storage/product-reviews/B0D7VGZS69/ref=cm_cr_dp_d_show_all_btm?ie=UTF8&reviewerType=all_reviews
114,https://www.amazon.in/iQOO-Tornado-Storage-Snapdragon-FlashCharge/product-reviews/B07WHQHNZC/ref=cm_cr_dp_d_show_all_btm?ie=UTF8&reviewerType=all_reviews
115,https://www.amazon.in/realme-Storage-Dimensity-Chipset-Flagship/product-reviews/B0CW5F732B/ref=cm_cr_dp_d_show_all_btm?ie=UTF8&reviewerType=all_reviews
116,https://www.amazon.in/Lava-Viridian-Dimensity-Processor-Superfast/product-reviews/B0C467KFNM/ref=cm_cr_dp_d_show_all_btm?ie=UTF8&reviewerType=all_reviews
117,https://www.amazon.in/Vivo-Peacock-Storage-without-Offers/product-reviews/B0D2FCRYS4/ref=cm_cr_dp_d_show_all_btm?ie=UTF8&reviewerType=all_reviews
118,https://www.amazon.in/realme-Storage-Chipset-Comfort-Display/product-reviews/B0D9NFLZMQ/ref=cm_cr_dp_d_show_all_btm?ie=UTF8&reviewerType=all_reviews
119,https://www.amazon.in/boAt-22-5W-Delivery-Protection-Detection/product-reviews/B0BQMSV5Q2/ref=cm_cr_dp_d_show_all_btm?ie=UTF8&reviewerType=all_reviews
120,https://www.amazon.in/Redmi-Diamond-Largest-Display-Segment/product-reviews/B0D78Y577J/ref=cm_cr_dp_d_show_all_btm?ie=UTF8&reviewerType=all_reviews
121,https://www.amazon.in/OnePlus-Nord-Pastel-128GB-Storage/product-reviews/B0BY8JZ22K/ref=cm_cr_dp_d_show_all_btm?ie=UTF8&reviewerType=all_reviews
122,https://www.amazon.in/Oneplus-Celadon-Marble-128Gb-Storage/product-reviews/B0CX58MTNN/ref=cm_cr_dp_d_show_all_btm?ie=UTF8&reviewerType=all_reviews
123,https://www.amazon.in/OnePlus-Oasis-Green-128GB-Storage/product-reviews/B0D7VH5RL6/ref=cm_cr_dp_d_show_all_btm?ie=UTF8&reviewerType=all_reviews
124,https://www.amazon.in/realme-Dimensity-Processor-Ultra-Slim-SUPERVOOC/product-reviews/B0CZNTGPKX/ref=cm_cr_dp_d_show_all_btm?ie=UTF8&reviewerType=all_reviews
125,https://www.amazon.in/Redmi-Starlight-Storage-MediaTek-Dimensity/product-reviews/B0CNX79YGX/ref=cm_cr_dp_d_show_all_btm?ie=UTF8&reviewerType=all_reviews
126,https://www.amazon.in/OnePlus-Super-Silver-256GB-Storage/product-reviews/B0D5YD7QSS/ref=cm_cr_dp_d_show_all_btm?ie=UTF8&reviewerType=all_reviews
127,https://www.amazon.in/Lava-Blaze-5G-Expandable-Processor/product-reviews/B0D7M82NTQ/ref=cm_cr_dp_d_show_all_btm?ie=UTF8&reviewerType=all_reviews
128,https://www.amazon.in/OnePlus-Nord-Chromatic-256GB-Storage/product-reviews/B0BY8L3RZ6/ref=cm_cr_dp_d_show_all_btm?ie=UTF8&reviewerType=all_reviews
129,https://www.amazon.in/Redmi-Note-13-Midnight-TurboCharge/product-reviews/B0CRQG5DWS/ref=cm_cr_dp_d_show_all_btm?ie=UTF8&reviewerType=all_reviews
130,No Link
131,https://www.amazon.in/Apple-iPhone-13-128GB-Green/product-reviews/B09V4B6K53/ref=cm_cr_dp_d_show_all_btm?ie=UTF8&reviewerType=all_reviews
132,https://www.amazon.in/Redmi-Hawaiian-Largest-Display-Segment/product-reviews/B0D78WCNZZ/ref=cm_cr_dp_d_show_all_btm?ie=UTF8&reviewerType=all_reviews
133,https://www.amazon.in/Samsung-DayBreak-Storage-Corning-Gorilla/product-reviews/B0D7Z8FJZ9/ref=cm_cr_dp_d_show_all_btm?ie=UTF8&reviewerType=all_reviews
134,https://www.amazon.in/Midnight-Toughest-Featured-SUPERVOOC-Additional/product-reviews/B0D53M1ZQX/ref=cm_cr_dp_d_show_all_btm?ie=UTF8&reviewerType=all_reviews
135,No Link
136,https://www.amazon.in/iQOO-Storage-Snapdragon-Processor-Brightness/product-reviews/B07WHR9ZJ9/ref=cm_cr_dp_d_show_all_btm?ie=UTF8&reviewerType=all_reviews
137,https://www.amazon.in/Motorola-G04s-64GB-Storage-Satin/product-reviews/B0D7NLNXQ9/ref=cm_cr_dp_d_show_all_btm?ie=UTF8&reviewerType=all_reviews
138,https://www.amazon.in/Samsung-Sapphire-Snapdragon-Processor-Security/product-reviews/B0CV7KZLL4/ref=cm_cr_dp_d_show_all_btm?ie=UTF8&reviewerType=all_reviews
139,https://www.amazon.in/realme-Twilight-Purple-128GB-Storage/product-reviews/B0CZNTK28X/ref=cm_cr_dp_d_show_all_btm?ie=UTF8&reviewerType=all_reviews
140,https://www.amazon.in/Redmi-Orchid-Largest-Display-Segment/product-reviews/B0D78X5CMJ/ref=cm_cr_dp_d_show_all_btm?ie=UTF8&reviewerType=all_reviews
141,https://www.amazon.in/Panache-Charger-Charging-Cellular-Included/product-reviews/B0CQ7YV69X/ref=cm_cr_dp_d_show_all_btm?ie=UTF8&reviewerType=all_reviews
142,https://www.amazon.in/Motorola-Storage-External-Display-Android/product-reviews/B0C7QGVVW4/ref=cm_cr_dp_d_show_all_btm?ie=UTF8&reviewerType=all_reviews
143,https://www.amazon.in/Samsung-Awesome-Storage-Nightography-Corning/product-reviews/B0CWPD9PTK/ref=cm_cr_dp_d_show_all_btm?ie=UTF8&reviewerType=all_reviews
144,https://www.amazon.in/iQOO-MediaTek-Dimesity-Processor-Smartphone/product-reviews/B07WGPJPR3/ref=cm_cr_dp_d_show_all_btm?ie=UTF8&reviewerType=all_reviews
145,https://www.amazon.in/realme-Leather-Storage-5000mAh-Durable/product-reviews/B0D54DBLRV/ref=cm_cr_dp_d_show_all_btm?ie=UTF8&reviewerType=all_reviews
146,https://www.amazon.in/realme-Storage-Display-Dimensity-Charger/product-reviews/B0D3WXQN8N/ref=cm_cr_dp_d_show_all_btm?ie=UTF8&reviewerType=all_reviews
147,https://www.amazon.in/Vivo-T3-Lite-Smartphone-Vibrant/product-reviews/B0D9LT67DN/ref=cm_cr_dp_d_show_all_btm?ie=UTF8&reviewerType=all_reviews
148,https://www.amazon.in/Vivo-T3-Lite-Smartphone-Majestic/product-reviews/B0D93GGMYT/ref=cm_cr_dp_d_show_all_btm?ie=UTF8&reviewerType=all_reviews
149,https://www.amazon.in/iQOO-Storage-Snapdragon-6000mAh-FlashCharge/product-reviews/B07WFPMJBH/ref=cm_cr_dp_d_show_all_btm?ie=UTF8&reviewerType=all_reviews
150,https://www.amazon.in/Vayro-Type-C-Adapter-Charging-iPhone/product-reviews/B0DCZ6RB5R/ref=cm_cr_dp_d_show_all_btm?ie=UTF8&reviewerType=all_reviews
151,https://www.amazon.in/boAt-WCDV-Protection-Detection-Corrosion/product-reviews/B0BQMSY168/ref=cm_cr_dp_d_show_all_btm?ie=UTF8&reviewerType=all_reviews
152,https://www.amazon.in/TSIM-Thailand-30GB-Tethering-International/product-reviews/B07ZDFKHL5/ref=cm_cr_dp_d_show_all_btm?ie=UTF8&reviewerType=all_reviews
153,No Link
154,https://www.amazon.in/OnePlus-Nord-Lite-128GB-Storage/product-reviews/B0D5YFZ946/ref=cm_cr_dp_d_show_all_btm?ie=UTF8&reviewerType=all_reviews
155,https://www.amazon.in/Moonlight-Storage-SUPERVOOC-Additional-Exchange/product-reviews/B0D6R8PGSB/ref=cm_cr_dp_d_show_all_btm?ie=UTF8&reviewerType=all_reviews
156,https://www.amazon.in/Redmi-Startrail-Storage-MediaTek-Dimensity/product-reviews/B0CNX7BZ7R/ref=cm_cr_dp_d_show_all_btm?ie=UTF8&reviewerType=all_reviews
157,https://www.amazon.in/Samsung-Galaxy-F15-Black-Storage/product-reviews/B0CY8FR4R7/ref=cm_cr_dp_d_show_all_btm?ie=UTF8&reviewerType=all_reviews
158,https://www.amazon.in/realme-Storage-Dimensity-Chipset-Flagship/product-reviews/B0CX1Y49P2/ref=cm_cr_dp_d_show_all_btm?ie=UTF8&reviewerType=all_reviews
159,https://www.amazon.in/Fantasy-Storage-Charging-Multi-Colored-Interface/product-reviews/B0CC31RKH5/ref=cm_cr_dp_d_show_all_btm?ie=UTF8&reviewerType=all_reviews
160,https://www.amazon.in/iQOO-Storage-Snapdragon-6000mAh-FlashCharge/product-reviews/B07WHRHBLH/ref=cm_cr_dp_d_show_all_btm?ie=UTF8&reviewerType=all_reviews
161,https://www.amazon.in/Storage-Additional-Exchange-Without-Charger/product-reviews/B07WHQZ93Z/ref=cm_cr_dp_d_show_all_btm?ie=UTF8&reviewerType=all_reviews
162,https://www.amazon.in/Charging-Adapter-Android-Smartphones-Tablets/product-reviews/B0D3FK1TS1/ref=cm_cr_dp_d_show_all_btm?ie=UTF8&reviewerType=all_reviews
163,https://www.amazon.in/pTron-Charger-Superfast-Charging-Compatible/product-reviews/B0CTGK1DS1/ref=cm_cr_dp_d_show_all_btm?ie=UTF8&reviewerType=all_reviews
164,https://www.amazon.in/Redmi-Startrail-Storage-MediaTek-Dimensity/product-reviews/B0CNX88T71/ref=cm_cr_dp_d_show_all_btm?ie=UTF8&reviewerType=all_reviews
165,https://www.amazon.in/POCO-Dimensity-Processor-Dual-Camera-Fingerprint/product-reviews/B0CQVQBFBB/ref=cm_cr_dp_d_show_all_btm?ie=UTF8&reviewerType=all_reviews
166,https://www.amazon.in/realme-Storage-Flagship-Chipset-Brightest/product-reviews/B0D3J7HS89/ref=cm_cr_dp_d_show_all_btm?ie=UTF8&reviewerType=all_reviews
167,https://www.amazon.in/Himalayan-Storage-Additional-Exchange-Offers/product-reviews/B07WHPLH6D/ref=cm_cr_dp_d_show_all_btm?ie=UTF8&reviewerType=all_reviews
168,https://www.amazon.in/OnePlus-Nord-Surge-128GB-Storage/product-reviews/B0C9QS5G2R/ref=cm_cr_dp_d_show_all_btm?ie=UTF8&reviewerType=all_reviews
169,https://www.amazon.in/Samsung-Moonlight-Storage-Corning-Gorilla/product-reviews/B0D7Z8GTQN/ref=cm_cr_dp_d_show_all_btm?ie=UTF8&reviewerType=all_reviews
170,https://www.amazon.in/realme-Storage-Flagship-Chipset-Brightest/product-reviews/B0D3J8HYDD/ref=cm_cr_dp_d_show_all_btm?ie=UTF8&reviewerType=all_reviews
171,https://www.amazon.in/realme-narzo-Pro-128-Green/product-reviews/B0CHQKRVMQ/ref=cm_cr_dp_d_show_all_btm?ie=UTF8&reviewerType=all_reviews
172,https://www.amazon.in/Redmi-Storage-Bezel-Less-Slimmest-Pro-Grade/product-reviews/B0CQPGG8KG/ref=cm_cr_dp_d_show_all_btm?ie=UTF8&reviewerType=all_reviews
173,https://www.amazon.in/Apple-iPhone-15-Pro-TB/product-reviews/B0CHXDTGPW/ref=cm_cr_dp_d_show_all_btm?ie=UTF8&reviewerType=all_reviews
174,https://www.amazon.in/Redmi-Purple-Storage-Flagship-TurboCharge/product-reviews/B0CRQG58T8/ref=cm_cr_dp_d_show_all_btm?ie=UTF8&reviewerType=all_reviews
175,https://www.amazon.in/Emerald-Portrait-SUPERVOOC-Additional-Exchange/product-reviews/B0DCGH5H2T/ref=cm_cr_dp_d_show_all_btm?ie=UTF8&reviewerType=all_reviews
176,https://www.amazon.in/realme-Segment-Fastest-Charging-High-res/product-reviews/B0BZ466BWW/ref=cm_cr_dp_d_show_all_btm?ie=UTF8&reviewerType=all_reviews
177,https://www.amazon.in/Vintage-Storage-Additional-Exchange-Offers/product-reviews/B07WHQWCXH/ref=cm_cr_dp_d_show_all_btm?ie=UTF8&reviewerType=all_reviews
178,https://www.amazon.in/OnePlus-Nord-Lite-128GB-Storage/product-reviews/B09WQYFLRX/ref=cm_cr_dp_d_show_all_btm?ie=UTF8&reviewerType=all_reviews
179,https://www.amazon.in/OnePlus-Nord-Bahamas-128GB-Storage/product-reviews/B09RG5R5FG/ref=cm_cr_dp_d_show_all_btm?ie=UTF8&reviewerType=all_reviews
180,https://www.amazon.in/OnePlus-Nord-Lite-256GB-Storage/product-reviews/B0D5YF238N/ref=cm_cr_dp_d_show_all_btm?ie=UTF8&reviewerType=all_reviews
181,https://www.amazon.in/OnePlus-Flowy-Emerald-512GB-Storage/product-reviews/B0CQPP6JTH/ref=cm_cr_dp_d_show_all_btm?ie=UTF8&reviewerType=all_reviews
182,https://www.amazon.in/Apple-iPhone-15-Plus-128/product-reviews/B0CHX6X2WW/ref=cm_cr_dp_d_show_all_btm?ie=UTF8&reviewerType=all_reviews
183,https://www.amazon.in/iQOO-Brushed-Dimensity-Processor-Brightness/product-reviews/B07WGPBNTC/ref=cm_cr_dp_d_show_all_btm?ie=UTF8&reviewerType=all_reviews
184,No Link
185,https://www.amazon.in/Redmi-Orchid-Largest-Display-Segment/product-reviews/B0D78W2HF5/ref=cm_cr_dp_d_show_all_btm?ie=UTF8&reviewerType=all_reviews
186,https://www.amazon.in/Redmi-Storage-Premium-Powerful-Processor/product-reviews/B0D78WD7PY/ref=cm_cr_dp_d_show_all_btm?ie=UTF8&reviewerType=all_reviews
187,https://www.amazon.in/Samsung-DayBreak-Storage-Corning-Gorilla/product-reviews/B0D812DY6P/ref=cm_cr_dp_d_show_all_btm?ie=UTF8&reviewerType=all_reviews
188,https://www.amazon.in/Vivo-Mobile-Storage-Additional-Exchange/product-reviews/B07WHRHBLY/ref=cm_cr_dp_d_show_all_btm?ie=UTF8&reviewerType=all_reviews
189,https://www.amazon.in/POCO-C65-Matte-Black-128GB/product-reviews/B0CQG9N4Z3/ref=cm_cr_dp_d_show_all_btm?ie=UTF8&reviewerType=all_reviews
190,https://www.amazon.in/POCO-Dimensity-Processor-Dual-Camera-Fingerprint/product-reviews/B0CQVSKCBW/ref=cm_cr_dp_d_show_all_btm?ie=UTF8&reviewerType=all_reviews
191,https://www.amazon.in/Moonlight-Storage-SUPERVOOC-Additional-Exchange/product-reviews/B0D6R9XCXX/ref=cm_cr_dp_d_show_all_btm?ie=UTF8&reviewerType=all_reviews
192,https://www.amazon.in/Moto-G85-128GB-Urban-Grey/product-reviews/B0D9GMJSKF/ref=cm_cr_dp_d_show_all_btm?ie=UTF8&reviewerType=all_reviews
193,https://www.amazon.in/OnePlus-Galactic-Silver-128GB-Storage/product-reviews/B0BSNQ2KXF/ref=cm_cr_dp_d_show_all_btm?ie=UTF8&reviewerType=all_reviews
194,https://www.amazon.in/Panache-11-Charging-Cellular-Included/product-reviews/B0CQ5B3RG6/ref=cm_cr_dp_d_show_all_btm?ie=UTF8&reviewerType=all_reviews
195,https://www.amazon.in/Wireless-Charger-Compatible-Charging-Adaptor/product-reviews/B0D5Z1J8LG/ref=cm_cr_dp_d_show_all_btm?ie=UTF8&reviewerType=all_reviews
196,https://www.amazon.in/Apple-iPhone-13-128GB-Pink/product-reviews/B09G9FPGTN/ref=cm_cr_dp_d_show_all_btm?ie=UTF8&reviewerType=all_reviews
197,https://www.amazon.in/Apple-iPhone-15-128-GB/product-reviews/B0CHX1W1XY/ref=cm_cr_dp_d_show_all_btm?ie=UTF8&reviewerType=all_reviews
198,https://www.amazon.in/realme-Twilight-Storage-5000mAh-Durable/product-reviews/B0D54G9YTS/ref=cm_cr_dp_d_show_all_btm?ie=UTF8&reviewerType=all_reviews
199,https://www.amazon.in/Redmi-Black-Diamond-6GB-128GB/product-reviews/B0D78WKY12/ref=cm_cr_dp_d_show_all_btm?ie=UTF8&reviewerType=all_reviews
200,https://www.amazon.in/HMD-Segment-Display-Storage-Midnight/product-reviews/B0D93WPSR8/ref=cm_cr_dp_d_show_all_btm?ie=UTF8&reviewerType=all_reviews
201,https://www.amazon.in/iQOO-Snapdragon-processor-Supercomputing-Flagship/product-reviews/B07WJVY42H/ref=cm_cr_dp_d_show_all_btm?ie=UTF8&reviewerType=all_reviews
202,https://www.amazon.in/Samsung-Galaxy-Groovy-Violet-Storage/product-reviews/B0CY8DMQLW/ref=cm_cr_dp_d_show_all_btm?ie=UTF8&reviewerType=all_reviews
203,https://www.amazon.in/OnePlus-Obsidian-Midnight-128GB-Storage/product-reviews/B0D7VK8W41/ref=cm_cr_dp_d_show_all_btm?ie=UTF8&reviewerType=all_reviews
204,https://www.amazon.in/Samsung-DayBreak-Storage-Corning-Gorilla/product-reviews/B0D8123CLN/ref=cm_cr_dp_d_show_all_btm?ie=UTF8&reviewerType=all_reviews
205,https://www.amazon.in/Oppo-Storage-Additional-Exchange-Offers/product-reviews/B0CVLDXTPH/ref=cm_cr_dp_d_show_all_btm?ie=UTF8&reviewerType=all_reviews
206,https://www.amazon.in/Neopack-Transformer-Foldable-Wireless-Compatible/product-reviews/B0CVXB793X/ref=cm_cr_dp_d_show_all_btm?ie=UTF8&reviewerType=all_reviews
207,https://www.amazon.in/Apple-iPhone-15-Pro-128/product-reviews/B0CHX2DRGV/ref=cm_cr_dp_d_show_all_btm?ie=UTF8&reviewerType=all_reviews
208,https://www.amazon.in/Redmi-Startrail-Storage-MediaTek-Dimensity/product-reviews/B0CNX7K9NC/ref=cm_cr_dp_d_show_all_btm?ie=UTF8&reviewerType=all_reviews
209,https://www.amazon.in/realme-Pro-256-Emerald-Green/product-reviews/B0DBM15WNN/ref=cm_cr_dp_d_show_all_btm?ie=UTF8&reviewerType=all_reviews
210,https://www.amazon.in/Itel-A70-Smartphone/product-reviews/B0CQ7NF3X9/ref=cm_cr_dp_d_show_all_btm?ie=UTF8&reviewerType=all_reviews
211,https://www.amazon.in/Gravity-Speakers-Fingerprint-Octa-Core-Processor/product-reviews/B0CQ7RQ5RK/ref=cm_cr_dp_d_show_all_btm?ie=UTF8&reviewerType=all_reviews
212,https://www.amazon.in/realme-Storage-Flagship-Chipset-Brightest/product-reviews/B0D3J9FN5C/ref=cm_cr_dp_d_show_all_btm?ie=UTF8&reviewerType=all_reviews
213,https://www.amazon.in/POCO-Skyline-Blue-RAM-Storage/product-reviews/B0D41M2TMD/ref=cm_cr_dp_d_show_all_btm?ie=UTF8&reviewerType=all_reviews
214,https://www.amazon.in/Nokia-Snapdragon%C2%AE-Virtual-Upgrades-Included/product-reviews/B0CDXHYHZ6/ref=cm_cr_dp_d_show_all_btm?ie=UTF8&reviewerType=all_reviews
215,No Link
216,https://www.amazon.in/Apple-iPhone-14-128GB-Blue/product-reviews/B0BDK62PDX/ref=cm_cr_dp_d_show_all_btm?ie=UTF8&reviewerType=all_reviews
217,https://www.amazon.in/Storage-Portrait-SUPERVOOC-Additional-Exchange/product-reviews/B0DCGGVTQ1/ref=cm_cr_dp_d_show_all_btm?ie=UTF8&reviewerType=all_reviews
218,https://www.amazon.in/Apple-iPhone-Pro-Max-256/product-reviews/B0CHWV2WYK/ref=cm_cr_dp_d_show_all_btm?ie=UTF8&reviewerType=all_reviews
219,No Link
220,https://www.amazon.in/Redmi-Stealth-Bezel-Less-Slimmest-Pro-Grade/product-reviews/B0CQPFZ2MF/ref=cm_cr_dp_d_show_all_btm?ie=UTF8&reviewerType=all_reviews
221,https://www.amazon.in/iQOO-MediaTek-Dimesity-Processor-Smartphone/product-reviews/B07WGPKLFL/ref=cm_cr_dp_d_show_all_btm?ie=UTF8&reviewerType=all_reviews
222,https://www.amazon.in/iQOO-Storage-Snapdragon-Processor-Brightness/product-reviews/B07WDJZY5Q/ref=cm_cr_dp_d_show_all_btm?ie=UTF8&reviewerType=all_reviews
223,https://www.amazon.in/realme-Twilight-Storage-5000mAh-Durable/product-reviews/B0D54F4B44/ref=cm_cr_dp_d_show_all_btm?ie=UTF8&reviewerType=all_reviews
224,https://www.amazon.in/Apple-iPhone-13-128GB-Midnight/product-reviews/B09G9HD6PD/ref=cm_cr_dp_d_show_all_btm?ie=UTF8&reviewerType=all_reviews
225,https://www.amazon.in/Motorola-Magenta-External-TurboPower-Charging/product-reviews/B0C7QCHGLF/ref=cm_cr_dp_d_show_all_btm?ie=UTF8&reviewerType=all_reviews
226,https://www.amazon.in/Gravity-Display-Dynamic-Speakers-processor/product-reviews/B0CSJRH41L/ref=cm_cr_dp_d_show_all_btm?ie=UTF8&reviewerType=all_reviews
227,https://www.amazon.in/Samsung-Awesome-Iceblue-Storage-Nightography/product-reviews/B0CWPDYS2C/ref=cm_cr_dp_d_show_all_btm?ie=UTF8&reviewerType=all_reviews
228,No Link
229,No Link
230,https://www.amazon.in/realme-Twilight-Portrait-SUPERVOOC-Speakers/product-reviews/B0CWRZDGV1/ref=cm_cr_dp_d_show_all_btm?ie=UTF8&reviewerType=all_reviews
231,https://www.amazon.in/Moto-G85-256-Urban-Grey/product-reviews/B0D9GN7HP8/ref=cm_cr_dp_d_show_all_btm?ie=UTF8&reviewerType=all_reviews
232,https://www.amazon.in/Redmi-Midnight-Storage-Powerful-Processor/product-reviews/B0D78VYHPY/ref=cm_cr_dp_d_show_all_btm?ie=UTF8&reviewerType=all_reviews
233,https://www.amazon.in/OnePlus-Mercurial-Silver-256GB-Storage/product-reviews/B0D7VJ72XK/ref=cm_cr_dp_d_show_all_btm?ie=UTF8&reviewerType=all_reviews
234,https://www.amazon.in/Infinix-Hot-Palm-Blue-256GB/product-reviews/B0CTXVP59K/ref=cm_cr_dp_d_show_all_btm?ie=UTF8&reviewerType=all_reviews
235,https://www.amazon.in/5000mAh-Fingerprint-Octa-Core-Processor-Starlish/product-reviews/B0CRZ5RS37/ref=cm_cr_dp_d_show_all_btm?ie=UTF8&reviewerType=all_reviews
236,https://www.amazon.in/realme-Storage-Chipset-Comfort-Display/product-reviews/B0D9ND2LCZ/ref=cm_cr_dp_d_show_all_btm?ie=UTF8&reviewerType=all_reviews
237,https://www.amazon.in/iQOO-Storage-Snapdragon-6000mAh-FlashCharge/product-reviews/B07WHPLH66/ref=cm_cr_dp_d_show_all_btm?ie=UTF8&reviewerType=all_reviews
238,https://www.amazon.in/Apple-iPhone-15-Pro-128/product-reviews/B0CHX7V9TY/ref=cm_cr_dp_d_show_all_btm?ie=UTF8&reviewerType=all_reviews
239,https://www.amazon.in/Wayona-Charger-Delivery-Adapter-Compatible/product-reviews/B08XVRVQJL/ref=cm_cr_dp_d_show_all_btm?ie=UTF8&reviewerType=all_reviews
240,https://www.amazon.in/Apple-iPhone-13-128GB-Blue/product-reviews/B09G9BL5CP/ref=cm_cr_dp_d_show_all_btm?ie=UTF8&reviewerType=all_reviews
241,https://www.amazon.in/Apple-iPhone-Pro-Max-256/product-reviews/B0CHWWW471/ref=cm_cr_dp_d_show_all_btm?ie=UTF8&reviewerType=all_reviews
242,https://www.amazon.in/Redmi-Storage-Bezel-Less-Slimmest-Pro-Grade/product-reviews/B0CQPDGYLD/ref=cm_cr_dp_d_show_all_btm?ie=UTF8&reviewerType=all_reviews
243,https://www.amazon.in/Lava-O2-Imperial-Green-Expandable/product-reviews/B0CVL7G8GG/ref=cm_cr_dp_d_show_all_btm?ie=UTF8&reviewerType=all_reviews
244,https://www.amazon.in/POCO-Mirror-Black-RAM-Storage/product-reviews/B0CT3SB6F5/ref=cm_cr_dp_d_show_all_btm?ie=UTF8&reviewerType=all_reviews
245,https://www.amazon.in/Samsung-Thunder-Storage-Corning-Gorilla/product-reviews/B0D812G7FL/ref=cm_cr_dp_d_show_all_btm?ie=UTF8&reviewerType=all_reviews
246,https://www.amazon.in/realme-Peacock-Green-128GB-Storage/product-reviews/B0D35V6J6N/ref=cm_cr_dp_d_show_all_btm?ie=UTF8&reviewerType=all_reviews
247,https://www.amazon.in/OnePlus-Ultra-Orange-256GB-Storage/product-reviews/B0D5YDT6XK/ref=cm_cr_dp_d_show_all_btm?ie=UTF8&reviewerType=all_reviews
248,https://www.amazon.in/Redmi-Stealth-Bezel-Less-Slimmest-Pro-Grade/product-reviews/B0CQPGF6SY/ref=cm_cr_dp_d_show_all_btm?ie=UTF8&reviewerType=all_reviews
249,https://www.amazon.in/realme-Phonix-Red-128GB-Storage/product-reviews/B0D35T9HPY/ref=cm_cr_dp_d_show_all_btm?ie=UTF8&reviewerType=all_reviews
250,https://www.amazon.in/NAVSWA-Charger-Compatible-PD-Cable/product-reviews/B0CH1FRFZ6/ref=cm_cr_dp_d_show_all_btm?ie=UTF8&reviewerType=all_reviews
251,https://www.amazon.in/BlueRigger-High-Speed-Cable-Ethernet/product-reviews/B00GG57JO8/ref=cm_cr_dp_d_show_all_btm?ie=UTF8&reviewerType=all_reviews
252,https://www.amazon.in/Vintage-Storage-Additional-Exchange-Without/product-reviews/B07WHQRNXG/ref=cm_cr_dp_d_show_all_btm?ie=UTF8&reviewerType=all_reviews
253,https://www.amazon.in/Oppo-Storage-Additional-Exchange-Offers/product-reviews/B0CVLBYDQQ/ref=cm_cr_dp_d_show_all_btm?ie=UTF8&reviewerType=all_reviews
254,https://www.amazon.in/realme-Pro-512-Emerald-Green/product-reviews/B0DBLXQJNJ/ref=cm_cr_dp_d_show_all_btm?ie=UTF8&reviewerType=all_reviews
255,https://www.amazon.in/iQOO-Storage-Snapdragon-Processor-Brightness/product-reviews/B07WHRXTJV/ref=cm_cr_dp_d_show_all_btm?ie=UTF8&reviewerType=all_reviews
256,https://www.amazon.in/realme-Storage-Flagship-Chipset-Brightest/product-reviews/B0D3J6NDYS/ref=cm_cr_dp_d_show_all_btm?ie=UTF8&reviewerType=all_reviews
257,https://www.amazon.in/Moto-G85-256-Cobalt-Blue/product-reviews/B0D9GLW54J/ref=cm_cr_dp_d_show_all_btm?ie=UTF8&reviewerType=all_reviews
258,https://www.amazon.in/Storage-Additional-Exchange-Without-Charger/product-reviews/B07WHRMTF9/ref=cm_cr_dp_d_show_all_btm?ie=UTF8&reviewerType=all_reviews
259,https://www.amazon.in/iQOO-Tornado-Storage-Snapdragon-FlashCharge/product-reviews/B07WDKKJ45/ref=cm_cr_dp_d_show_all_btm?ie=UTF8&reviewerType=all_reviews
260,https://www.amazon.in/InvokeOriginals%C2%AE-Charger-Universal-Compatibility-Android/product-reviews/B0DCHR81N6/ref=cm_cr_dp_d_show_all_btm?ie=UTF8&reviewerType=all_reviews
261,No Link
262,https://www.amazon.in/Apple-iPhone-15-Pro-TB/product-reviews/B0CHXDTGPW/ref=cm_cr_dp_d_show_all_btm?ie=UTF8&reviewerType=all_reviews
263,https://www.amazon.in/Apple-iPhone-Pro-Max-256/product-reviews/B0CHX1K2ZC/ref=cm_cr_dp_d_show_all_btm?ie=UTF8&reviewerType=all_reviews
264,https://www.amazon.in/POCO-Dimensity-Processor-Dual-Camera-Fingerprint/product-reviews/B0CZRMXZF6/ref=cm_cr_dp_d_show_all_btm?ie=UTF8&reviewerType=all_reviews
265,https://www.amazon.in/iQOO-Tornado-Storage-Snapdragon-FlashCharge/product-reviews/B07WDKKJ45/ref=cm_cr_dp_d_show_all_btm?ie=UTF8&reviewerType=all_reviews
266,https://www.amazon.in/Redmi-Storage-Premium-Powerful-Processor/product-reviews/B0D78W21GC/ref=cm_cr_dp_d_show_all_btm?ie=UTF8&reviewerType=all_reviews
267,https://www.amazon.in/5000mAh-Dynamic-Fingerprint-Octa-Core-Processor/product-reviews/B0CRZ3P7W4/ref=cm_cr_dp_d_show_all_btm?ie=UTF8&reviewerType=all_reviews
268,https://www.amazon.in/Storage-Additional-Exchange-Without-Charger/product-reviews/B07WHQ95CM/ref=cm_cr_dp_d_show_all_btm?ie=UTF8&reviewerType=all_reviews
269,https://www.amazon.in/POCO-C61-Mystical-Green-64GB/product-reviews/B0CYBKWQ2V/ref=cm_cr_dp_d_show_all_btm?ie=UTF8&reviewerType=all_reviews
270,https://www.amazon.in/Midnight-Toughest-Featured-SUPERVOOC-Additional/product-reviews/B0D53Y9W5D/ref=cm_cr_dp_d_show_all_btm?ie=UTF8&reviewerType=all_reviews
271,https://www.amazon.in/Vivo-Diamond-Storage-Additional-Exchange/product-reviews/B07WHSNYLY/ref=cm_cr_dp_d_show_all_btm?ie=UTF8&reviewerType=all_reviews
272,https://www.amazon.in/NAVSWA-Charger-Adapter-Compatible-Original/product-reviews/B0CBQBQ45N/ref=cm_cr_dp_d_show_all_btm?ie=UTF8&reviewerType=all_reviews
273,https://www.amazon.in/BlueRigger-High-Speed-Cable-Ethernet/product-reviews/B00GG59HU2/ref=cm_cr_dp_d_show_all_btm?ie=UTF8&reviewerType=all_reviews
274,https://www.amazon.in/POCO-Dimensity-Processor-Dual-Camera-Fingerprint/product-reviews/B0CZRNP4B3/ref=cm_cr_dp_d_show_all_btm?ie=UTF8&reviewerType=all_reviews
275,https://www.amazon.in/Sundarbans-Storage-Additional-Exchange-Offers/product-reviews/B07WHSQ5X3/ref=cm_cr_dp_d_show_all_btm?ie=UTF8&reviewerType=all_reviews
276,https://www.amazon.in/Nokia-2660-keypad-inbuilt-Wireless/product-reviews/B0B9YK24TF/ref=cm_cr_dp_d_show_all_btm?ie=UTF8&reviewerType=all_reviews
277,https://www.amazon.in/realme-C65-Feather-Green-128/product-reviews/B0D2DNDQZW/ref=cm_cr_dp_d_show_all_btm?ie=UTF8&reviewerType=all_reviews
278,https://www.amazon.in/Redmi-Chromatic-Purple-256GB-Storage/product-reviews/B0D63F3WCN/ref=cm_cr_dp_d_show_all_btm?ie=UTF8&reviewerType=all_reviews
279,https://www.amazon.in/Redmi-Fusion-Storage-Mediatek-HyperCharge/product-reviews/B0CRQ8874B/ref=cm_cr_dp_d_show_all_btm?ie=UTF8&reviewerType=all_reviews
280,https://www.amazon.in/Android-6000mAh-Battery-Charger-Dynamic/product-reviews/B0CZL4Y9LG/ref=cm_cr_dp_d_show_all_btm?ie=UTF8&reviewerType=all_reviews
281,https://www.amazon.in/Dimensity-Memory-5000mAh-Battery-Warranty/product-reviews/B0CHJPZXX5/ref=cm_cr_dp_d_show_all_btm?ie=UTF8&reviewerType=all_reviews
282,No Link
283,https://www.amazon.in/Niviti-Replacement-Glass-Compatible-iPhone/product-reviews/B0CWYH6YF2/ref=cm_cr_dp_d_show_all_btm?ie=UTF8&reviewerType=all_reviews
284,https://www.amazon.in/Apple-iPhone-15-Pro-Max/product-reviews/B0CHXDW1B6/ref=cm_cr_dp_d_show_all_btm?ie=UTF8&reviewerType=all_reviews
285,https://www.amazon.in/Spigen-Hybrid-Designed-Samsung-Galaxy/product-reviews/B08B17V6VT/ref=cm_cr_dp_d_show_all_btm?ie=UTF8&reviewerType=all_reviews
286,https://www.amazon.in/Dimensity-Memory-5000mAh-Battery-Warranty/product-reviews/B0CHJPZXX5/ref=cm_cr_dp_d_show_all_btm?ie=UTF8&reviewerType=all_reviews
287,https://www.amazon.in/Toughest-Featured-SUPERVOOC-Additional-Exchange/product-reviews/B0D53FBV6F/ref=cm_cr_dp_d_show_all_btm?ie=UTF8&reviewerType=all_reviews
288,https://www.amazon.in/S21-FE-5G-Lavender-Snapdragon/product-reviews/B0CLNTJNC6/ref=cm_cr_dp_d_show_all_btm?ie=UTF8&reviewerType=all_reviews
289,https://www.amazon.in/Nokia-2660-keypad-inbuilt-Wireless/product-reviews/B0B9YK24TF/ref=cm_cr_dp_d_show_all_btm?ie=UTF8&reviewerType=all_reviews
290,https://www.amazon.in/POCO-Astral-Black-256GB-Storage/product-reviews/B0CY9D1GF4/ref=cm_cr_dp_d_show_all_btm?ie=UTF8&reviewerType=all_reviews
291,https://www.amazon.in/Android-6000mAh-Battery-Charger-Dynamic/product-reviews/B0CZL4Y9LG/ref=cm_cr_dp_d_show_all_btm?ie=UTF8&reviewerType=all_reviews
292,https://www.amazon.in/Storage-Additional-Exchange-Without-Charger/product-reviews/B07WHQT79H/ref=cm_cr_dp_d_show_all_btm?ie=UTF8&reviewerType=all_reviews
293,https://www.amazon.in/Vivo-T3-Lite-Smartphone-Majestic/product-reviews/B0D9MPS3WL/ref=cm_cr_dp_d_show_all_btm?ie=UTF8&reviewerType=all_reviews
294,https://www.amazon.in/pTron-Charger-Macbook-iPhone-Volta/product-reviews/B0CZS8YT79/ref=cm_cr_dp_d_show_all_btm?ie=UTF8&reviewerType=all_reviews
295,https://www.amazon.in/Redmi-Stealth-Bezel-Less-Slimmest-Pro-Grade/product-reviews/B0CQPHMWR3/ref=cm_cr_dp_d_show_all_btm?ie=UTF8&reviewerType=all_reviews
296,https://www.amazon.in/Vivo-T3x-Celestial-Green-128/product-reviews/B07WDKKJWK/ref=cm_cr_dp_d_show_all_btm?ie=UTF8&reviewerType=all_reviews
297,https://www.amazon.in/Mystery-Speakers-Fingerprint-Octa-Core-Processor/product-reviews/B0CQ7SHTF4/ref=cm_cr_dp_d_show_all_btm?ie=UTF8&reviewerType=all_reviews
298,https://www.amazon.in/Alpenglow-Speakers-Fingerprint-Octa-Core-Processor/product-reviews/B0CQ7S3LJT/ref=cm_cr_dp_d_show_all_btm?ie=UTF8&reviewerType=all_reviews
299,No Link
300,https://www.amazon.in/realme-Miracle-Storage-Flagship-Brightest/product-reviews/B0D8JM1G7Z/ref=cm_cr_dp_d_show_all_btm?ie=UTF8&reviewerType=all_reviews
301,https://www.amazon.in/Fantasy-Storage-Charging-Multi-Colored-Interface/product-reviews/B0CC2Z4GMN/ref=cm_cr_dp_d_show_all_btm?ie=UTF8&reviewerType=all_reviews
302,https://www.amazon.in/Nothing-Phone-Black-256GB-Storage/product-reviews/B0CX745DBN/ref=cm_cr_dp_d_show_all_btm?ie=UTF8&reviewerType=all_reviews
303,https://www.amazon.in/Nothing-Phone-Blue-256GB-Storage/product-reviews/B0D3784ZQC/ref=cm_cr_dp_d_show_all_btm?ie=UTF8&reviewerType=all_reviews
304,https://www.amazon.in/Hasten-iSmart-Tyep-C-Charging-Adapter/product-reviews/B0D56BDRXW/ref=cm_cr_dp_d_show_all_btm?ie=UTF8&reviewerType=all_reviews
305,https://www.amazon.in/Apple-iPhone-15-Pro-128/product-reviews/B0CHX7J4TL/ref=cm_cr_dp_d_show_all_btm?ie=UTF8&reviewerType=all_reviews
306,https://www.amazon.in/Apple-iPhone-13-128GB-Product/product-reviews/B09G99CW2N/ref=cm_cr_dp_d_show_all_btm?ie=UTF8&reviewerType=all_reviews
307,https://www.amazon.in/Wayona-charging-Nylon-Braided-iPhone/product-reviews/B08CHKQ8D4/ref=cm_cr_dp_d_show_all_btm?ie=UTF8&reviewerType=all_reviews
308,https://www.amazon.in/Motorola-Power-128GB-Storage-Blue/product-reviews/B0CV48QSRV/ref=cm_cr_dp_d_show_all_btm?ie=UTF8&reviewerType=all_reviews
309,https://www.amazon.in/Memory-Fusion-Charger-Battery-Dynamic/product-reviews/B0CSKJZH44/ref=cm_cr_dp_d_show_all_btm?ie=UTF8&reviewerType=all_reviews
310,https://www.amazon.in/realme-Storage-Chipset-Comfort-Display/product-reviews/B0D3GZ7G25/ref=cm_cr_dp_d_show_all_btm?ie=UTF8&reviewerType=all_reviews
311,https://www.amazon.in/Twinkling-Purple-Storage-Additional-Exchange/product-reviews/B07WGPKSZB/ref=cm_cr_dp_d_show_all_btm?ie=UTF8&reviewerType=all_reviews
312,https://www.amazon.in/realme-Storage-Flagship-Chipset-Brightest/product-reviews/B0D3J8145K/ref=cm_cr_dp_d_show_all_btm?ie=UTF8&reviewerType=all_reviews
313,https://www.amazon.in/realme-Pioneer-Green-256GB-Storage/product-reviews/B0CWRXTLFT/ref=cm_cr_dp_d_show_all_btm?ie=UTF8&reviewerType=all_reviews
314,https://www.amazon.in/Infinix-HOT-40i-Starfall-Green/product-reviews/B0CT6681JH/ref=cm_cr_dp_d_show_all_btm?ie=UTF8&reviewerType=all_reviews
315,No Link
316,https://www.amazon.in/WIDEWINGS-Retractable-Charger-Charge-Adapter/product-reviews/B0CVNF5Y6D/ref=cm_cr_dp_d_show_all_btm?ie=UTF8&reviewerType=all_reviews
317,No Link
318,https://www.amazon.in/realme-Miracle-Storage-Flagship-Brightest/product-reviews/B0D8JM6BHN/ref=cm_cr_dp_d_show_all_btm?ie=UTF8&reviewerType=all_reviews
319,https://www.amazon.in/iQOO-Tornado-Storage-Snapdragon-FlashCharge/product-reviews/B07WHS4MC4/ref=cm_cr_dp_d_show_all_btm?ie=UTF8&reviewerType=all_reviews
320,https://www.amazon.in/Storage-Additional-Exchange-Without-Charger/product-reviews/B07WFPLYKX/ref=cm_cr_dp_d_show_all_btm?ie=UTF8&reviewerType=all_reviews
321,https://www.amazon.in/Storage-Additional-Exchange-Without-Charger/product-reviews/B07WFPLZNW/ref=cm_cr_dp_d_show_all_btm?ie=UTF8&reviewerType=all_reviews
322,https://www.amazon.in/Redmi-Thunder-Storage-Dimensity-5000mAh/product-reviews/B0BBFJLP21/ref=cm_cr_dp_d_show_all_btm?ie=UTF8&reviewerType=all_reviews
323,https://www.amazon.in/Lava-Dimensity-Processor-FrontCamera-ExpandableRAM/product-reviews/B0CHM729GT/ref=cm_cr_dp_d_show_all_btm?ie=UTF8&reviewerType=all_reviews
324,No Link
325,https://www.amazon.in/POCO-Diamond-Dust-Black-64GB/product-reviews/B0CYBBB82G/ref=cm_cr_dp_d_show_all_btm?ie=UTF8&reviewerType=all_reviews
326,No Link
327,No Link
328,https://www.amazon.in/Apple-iPhone-15-Pro-256/product-reviews/B0CHX6M6C8/ref=cm_cr_dp_d_show_all_btm?ie=UTF8&reviewerType=all_reviews
329,https://www.amazon.in/Redmi-Fusion-Storage-Mediatek-HyperCharge/product-reviews/B0CRQ838Z9/ref=cm_cr_dp_d_show_all_btm?ie=UTF8&reviewerType=all_reviews
330,https://www.amazon.in/Redmi-Midnight-Black-Storage-Without/product-reviews/B0CXX8ZVT6/ref=cm_cr_dp_d_show_all_btm?ie=UTF8&reviewerType=all_reviews
331,https://www.amazon.in/Samsung-Storage-Expandable-MediaTek-Dimensity/product-reviews/B0CP7TDP12/ref=cm_cr_dp_d_show_all_btm?ie=UTF8&reviewerType=all_reviews
332,https://www.amazon.in/Lava-MediaTek-Dimensity-Processor-Ultrawide/product-reviews/B0CHM745CT/ref=cm_cr_dp_d_show_all_btm?ie=UTF8&reviewerType=all_reviews
333,https://www.amazon.in/itel-5000mAh-Battery-Charging-Display/product-reviews/B0C6B25FQ3/ref=cm_cr_dp_d_show_all_btm?ie=UTF8&reviewerType=all_reviews
334,https://www.amazon.in/Lava-O2-Royal-Gold-Expandable/product-reviews/B0CVLGH36G/ref=cm_cr_dp_d_show_all_btm?ie=UTF8&reviewerType=all_reviews
335,https://www.amazon.in/POCO-Martian-Dimensity-Processor-Charging/product-reviews/B0CY9BX3S1/ref=cm_cr_dp_d_show_all_btm?ie=UTF8&reviewerType=all_reviews
336,https://www.amazon.in/Storage-Refresh-SUPERVOOC-Additional-Exchange/product-reviews/B0D9HPGZTB/ref=cm_cr_dp_d_show_all_btm?ie=UTF8&reviewerType=all_reviews
337,https://www.amazon.in/5000mAh-Charging-Fingerprint-Octa-Core-Processor/product-reviews/B0CRZ39414/ref=cm_cr_dp_d_show_all_btm?ie=UTF8&reviewerType=all_reviews
338,No Link
339,No Link
340,https://www.amazon.in/Memory-Fusion-Charging-Display-Crystal/product-reviews/B0CMQS27NY/ref=cm_cr_dp_d_show_all_btm?ie=UTF8&reviewerType=all_reviews
341,https://www.amazon.in/Starlight-Storage-SUPERVOOC-Additional-Exchange/product-reviews/B0D9HPQCF6/ref=cm_cr_dp_d_show_all_btm?ie=UTF8&reviewerType=all_reviews
342,https://www.amazon.in/Vivo-Desert-Storage-Additional-Exchange/product-reviews/B07WHPL866/ref=cm_cr_dp_d_show_all_btm?ie=UTF8&reviewerType=all_reviews
343,https://www.amazon.in/iQOO-Snapdragon-processor-Supercomputing-Flagship/product-reviews/B07WDKMGWR/ref=cm_cr_dp_d_show_all_btm?ie=UTF8&reviewerType=all_reviews
344,https://www.amazon.in/Redmi-Diamond-Largest-Display-Segment/product-reviews/B0D78Y577J/ref=cm_cr_dp_d_show_all_btm?ie=UTF8&reviewerType=all_reviews
345,https://www.amazon.in/Redmi-Storage-Premium-Powerful-Processor/product-reviews/B0CV3KNL27/ref=cm_cr_dp_d_show_all_btm?ie=UTF8&reviewerType=all_reviews
346,https://www.amazon.in/OnePlus-Obsidian-Midnight-256GB-Storage/product-reviews/B0D7VKMLGD/ref=cm_cr_dp_d_show_all_btm?ie=UTF8&reviewerType=all_reviews
347,https://www.amazon.in/POCO-Mirror-Black-RAM-Storage/product-reviews/B0CSDSJ31L/ref=cm_cr_dp_d_show_all_btm?ie=UTF8&reviewerType=all_reviews
348,https://www.amazon.in/Apple-iPhone-13-128GB-Starlight/product-reviews/B09G9D8KRQ/ref=cm_cr_dp_d_show_all_btm?ie=UTF8&reviewerType=all_reviews
349,No Link
350,https://www.amazon.in/Apple-iPhone-Pro-Max-512/product-reviews/B0CHX3X7TL/ref=cm_cr_dp_d_show_all_btm?ie=UTF8&reviewerType=all_reviews
351,https://www.amazon.in/Apple-iPhone-14-128GB-Midnight/product-reviews/B0BDHX8Z63/ref=cm_cr_dp_d_show_all_btm?ie=UTF8&reviewerType=all_reviews
352,https://www.amazon.in/Redmi-Storage-Premium-Powerful-Processor/product-reviews/B0CV3KNL27/ref=cm_cr_dp_d_show_all_btm?ie=UTF8&reviewerType=all_reviews
353,https://www.amazon.in/OnePlus-Obsidian-Midnight-256GB-Storage/product-reviews/B0D7VKMLGD/ref=cm_cr_dp_d_show_all_btm?ie=UTF8&reviewerType=all_reviews
354,https://www.amazon.in/POCO-Mirror-Black-RAM-Storage/product-reviews/B0CSDSJ31L/ref=cm_cr_dp_d_show_all_btm?ie=UTF8&reviewerType=all_reviews
355,https://www.amazon.in/POCO-Horizon-Blue-256GB-Storage/product-reviews/B0CY9CB6ZF/ref=cm_cr_dp_d_show_all_btm?ie=UTF8&reviewerType=all_reviews
356,https://www.amazon.in/CMF-NOTHING-Phone-128-Black/product-reviews/B0D935PW3P/ref=cm_cr_dp_d_show_all_btm?ie=UTF8&reviewerType=all_reviews
357,https://www.amazon.in/Coolpad-Cool-Red-64GB-Storage/product-reviews/B08HMTLSNR/ref=cm_cr_dp_d_show_all_btm?ie=UTF8&reviewerType=all_reviews
358,https://www.amazon.in/Redmi-Midnight-Storage-Powerful-Processor/product-reviews/B0CV3J345X/ref=cm_cr_dp_d_show_all_btm?ie=UTF8&reviewerType=all_reviews
359,https://www.amazon.in/Storage-Additional-Exchange-Offers-Display/product-reviews/B07WHS6WHF/ref=cm_cr_dp_d_show_all_btm?ie=UTF8&reviewerType=all_reviews
360,No Link
361,https://www.amazon.in/POPIO-Compatible-Redmi-Note-Installation/product-reviews/B0BTHV3SQK/ref=cm_cr_dp_d_show_all_btm?ie=UTF8&reviewerType=all_reviews
362,https://www.amazon.in/CMF-Expandable-Dimensity-Processor-Charging/product-reviews/B0D933D6Z4/ref=cm_cr_dp_d_show_all_btm?ie=UTF8&reviewerType=all_reviews
363,https://www.amazon.in/Apple-iPhone-13-128GB-Starlight/product-reviews/B09G9D8KRQ/ref=cm_cr_dp_d_show_all_btm?ie=UTF8&reviewerType=all_reviews
364,No Link
365,https://www.amazon.in/POCO-C55-Forest-Green-RAM/product-reviews/B0BX9VFHVQ/ref=cm_cr_dp_d_show_all_btm?ie=UTF8&reviewerType=all_reviews
366,https://www.amazon.in/iQOO-Flamboyant-Snapdragon-Processor-Brightness/product-reviews/B07WJVPC6G/ref=cm_cr_dp_d_show_all_btm?ie=UTF8&reviewerType=all_reviews
367,https://www.amazon.in/Redmi-Storage-Bezel-Less-Slimmest-Pro-Grade/product-reviews/B0CQPH2YSY/ref=cm_cr_dp_d_show_all_btm?ie=UTF8&reviewerType=all_reviews
368,https://www.amazon.in/POCO-Pastel-128GB-Without-Offer/product-reviews/B0CYH3Z44J/ref=cm_cr_dp_d_show_all_btm?ie=UTF8&reviewerType=all_reviews
369,https://www.amazon.in/Storage-Refresh-SUPERVOOC-Additional-Exchange/product-reviews/B0D6R98C8F/ref=cm_cr_dp_d_show_all_btm?ie=UTF8&reviewerType=all_reviews
370,https://www.amazon.in/DailyObjects-Accessories-Organizer-Portable-Organiser/product-reviews/B08YKCJLX7/ref=cm_cr_dp_d_show_all_btm?ie=UTF8&reviewerType=all_reviews
371,No Link
372,https://www.amazon.in/Apple-iPhone-15-Pro-TB/product-reviews/B0CHWWVSLF/ref=cm_cr_dp_d_show_all_btm?ie=UTF8&reviewerType=all_reviews
373,https://www.amazon.in/Apple-iPhone-15-Plus-128/product-reviews/B0CHX3D519/ref=cm_cr_dp_d_show_all_btm?ie=UTF8&reviewerType=all_reviews
374,https://www.amazon.in/Redmi-Diamond-Largest-Display-Segment/product-reviews/B0D78Y577J/ref=cm_cr_dp_d_show_all_btm?ie=UTF8&reviewerType=all_reviews
375,https://www.amazon.in/Motorola-Power-128GB-Storage-Blue/product-reviews/B0CV48QSRV/ref=cm_cr_dp_d_show_all_btm?ie=UTF8&reviewerType=all_reviews
376,https://www.amazon.in/Vintage-Storage-Additional-Exchange-Offers/product-reviews/B07WGPKFJC/ref=cm_cr_dp_d_show_all_btm?ie=UTF8&reviewerType=all_reviews
377,https://www.amazon.in/Changing-Dimensity-5000mAh-Charging-Lavander/product-reviews/B0D8417LHP/ref=cm_cr_dp_d_show_all_btm?ie=UTF8&reviewerType=all_reviews
378,https://www.amazon.in/OnePlus-11R-Solar-128GB-Storage/product-reviews/B0CZDV8P9T/ref=cm_cr_dp_d_show_all_btm?ie=UTF8&reviewerType=all_reviews
379,https://www.amazon.in/Vivo-Desert-Storage-Additional-Exchange/product-reviews/B07WHPL866/ref=cm_cr_dp_d_show_all_btm?ie=UTF8&reviewerType=all_reviews
380,https://www.amazon.in/Twinkling-Purple-Storage-Additional-Exchange/product-reviews/B07WHRR6VW/ref=cm_cr_dp_d_show_all_btm?ie=UTF8&reviewerType=all_reviews
381,https://www.amazon.in/iQOO-Tornado-Storage-Snapdragon-FlashCharge/product-reviews/B07WHS4MC4/ref=cm_cr_dp_d_show_all_btm?ie=UTF8&reviewerType=all_reviews
382,https://www.amazon.in/HOJI-Stand-Desktop-Phone-Smartphones/product-reviews/B0CK89GYXC/ref=cm_cr_dp_d_show_all_btm?ie=UTF8&reviewerType=all_reviews
383,https://www.amazon.in/WOW-IMAGINE-Shock-Protective-Motorola/product-reviews/B0C2J1PQPY/ref=cm_cr_dp_d_show_all_btm?ie=UTF8&reviewerType=all_reviews
384,https://www.amazon.in/Samsung-Awesome-Storage-Premium-Nightography/product-reviews/B0CWPD4QWK/ref=cm_cr_dp_d_show_all_btm?ie=UTF8&reviewerType=all_reviews
385,https://www.amazon.in/Nothing-Phone-Black-256GB-Storage/product-reviews/B0CX74JKLL/ref=cm_cr_dp_d_show_all_btm?ie=UTF8&reviewerType=all_reviews
386,https://www.amazon.in/Redmi-Storage-Premium-Powerful-Processor/product-reviews/B0CV3KNL27/ref=cm_cr_dp_d_show_all_btm?ie=UTF8&reviewerType=all_reviews
387,https://www.amazon.in/POCO-Mirror-Black-RAM-Storage/product-reviews/B0CSDSJ31L/ref=cm_cr_dp_d_show_all_btm?ie=UTF8&reviewerType=all_reviews
388,https://www.amazon.in/Emerald-Portrait-SUPERVOOC-Additional-Exchange/product-reviews/B0DCGGP82Z/ref=cm_cr_dp_d_show_all_btm?ie=UTF8&reviewerType=all_reviews
389,https://www.amazon.in/Storage-Additional-Exchange-Without-Charger/product-reviews/B07WHQT79H/ref=cm_cr_dp_d_show_all_btm?ie=UTF8&reviewerType=all_reviews
390,https://www.amazon.in/SAMSUNG-Storage-128GB-Mystic-Green/product-reviews/B0CJBZ4MK9/ref=cm_cr_dp_d_show_all_btm?ie=UTF8&reviewerType=all_reviews
391,https://www.amazon.in/OnePlus-Obsidian-Midnight-256GB-Storage/product-reviews/B0D7VKMLGD/ref=cm_cr_dp_d_show_all_btm?ie=UTF8&reviewerType=all_reviews
392,https://www.amazon.in/Charger-Compatible-Lighting-Original-NHJD3HN/product-reviews/B0CQFC5916/ref=cm_cr_dp_d_show_all_btm?ie=UTF8&reviewerType=all_reviews
393,https://www.amazon.in/Apple-iPhone-15-128-GB/product-reviews/B0CHX7NG26/ref=cm_cr_dp_d_show_all_btm?ie=UTF8&reviewerType=all_reviews
394,https://www.amazon.in/Apple-iPhone-15-Plus-128/product-reviews/B0CHX6X2WW/ref=cm_cr_dp_d_show_all_btm?ie=UTF8&reviewerType=all_reviews
395,https://www.amazon.in/Apple-iPhone-15-128-GB/product-reviews/B0CHX6NQMD/ref=cm_cr_dp_d_show_all_btm?ie=UTF8&reviewerType=all_reviews
396,https://www.amazon.in/iQOO-Snapdragon-processor-Supercomputing-Flagship/product-reviews/B07WDKMGWR/ref=cm_cr_dp_d_show_all_btm?ie=UTF8&reviewerType=all_reviews
397,https://www.amazon.in/Coolpad-Cool-Red-64GB-Storage/product-reviews/B08HMTLSNR/ref=cm_cr_dp_d_show_all_btm?ie=UTF8&reviewerType=all_reviews
398,https://www.amazon.in/Storage-Additional-Exchange-Offers-Display/product-reviews/B07WHS6WHF/ref=cm_cr_dp_d_show_all_btm?ie=UTF8&reviewerType=all_reviews
399,No Link
400,https://www.amazon.in/POCO-C55-Forest-Green-RAM/product-reviews/B0BX9VFHVQ/ref=cm_cr_dp_d_show_all_btm?ie=UTF8&reviewerType=all_reviews
401,https://www.amazon.in/realme-Champion-Gold-128GB-Storage/product-reviews/B0CC9CGLRL/ref=cm_cr_dp_d_show_all_btm?ie=UTF8&reviewerType=all_reviews
402,https://www.amazon.in/Redmi-Midnight-Storage-Powerful-Processor/product-reviews/B0CV3J345X/ref=cm_cr_dp_d_show_all_btm?ie=UTF8&reviewerType=all_reviews
403,https://www.amazon.in/realme-Expandable-Dimensity-Ultra-Smooth-SUPERVOOCCharge/product-reviews/B0CX1ZXVW1/ref=cm_cr_dp_d_show_all_btm?ie=UTF8&reviewerType=all_reviews
404,https://www.amazon.in/Vismac-Orignal-Adapter-Charging-Devices/product-reviews/B0CRJW4KB8/ref=cm_cr_dp_d_show_all_btm?ie=UTF8&reviewerType=all_reviews
405,No Link
406,https://www.amazon.in/CO-Storage-MediaTek-Processor-Display/product-reviews/B0CZ3PVB1T/ref=cm_cr_dp_d_show_all_btm?ie=UTF8&reviewerType=all_reviews
407,No Link
408,https://www.amazon.in/Oppo-Reno-Pro-Sunset-Gold/product-reviews/B0D9C5JZCT/ref=cm_cr_dp_d_show_all_btm?ie=UTF8&reviewerType=all_reviews
409,No Link
410,https://www.amazon.in/Motorola-Edge-Charger-Vanilla-Cream/product-reviews/B0D9G3Y6B3/ref=cm_cr_dp_d_show_all_btm?ie=UTF8&reviewerType=all_reviews
411,https://www.amazon.in/CMF-NOTHING-Phone-128-Black/product-reviews/B0D935PW3P/ref=cm_cr_dp_d_show_all_btm?ie=UTF8&reviewerType=all_reviews
412,https://www.amazon.in/Samsung-Storage-Expandable-MediaTek-Dimensity/product-reviews/B0CP7W1LFB/ref=cm_cr_dp_d_show_all_btm?ie=UTF8&reviewerType=all_reviews
413,https://www.amazon.in/iQOO-Flamboyant-Snapdragon-Processor-Brightness/product-reviews/B07WJVPC6G/ref=cm_cr_dp_d_show_all_btm?ie=UTF8&reviewerType=all_reviews
414,https://www.amazon.in/pTron-Compatible-Superfast-Soniccharge-Volta/product-reviews/B0CZS9NJ41/ref=cm_cr_dp_d_show_all_btm?ie=UTF8&reviewerType=all_reviews
415,https://www.amazon.in/Apple-iPhone-128GB-Product-RED/product-reviews/B0BDJVSDMY/ref=cm_cr_dp_d_show_all_btm?ie=UTF8&reviewerType=all_reviews
416,https://www.amazon.in/Spigen-Liquid-iPhone-Durable-Design/product-reviews/B074CMWM9H/ref=cm_cr_dp_d_show_all_btm?ie=UTF8&reviewerType=all_reviews
417,https://www.amazon.in/Apple-iPhone-15-Pro-Max/product-reviews/B0CHX9L7Y4/ref=cm_cr_dp_d_show_all_btm?ie=UTF8&reviewerType=all_reviews
418,https://www.amazon.in/Vivo-Smartphone-Velvet-256GB-Storage/product-reviews/B0D35GP6ZV/ref=cm_cr_dp_d_show_all_btm?ie=UTF8&reviewerType=all_reviews
419,https://www.amazon.in/Nothing-Phone-Black-256GB-Storage/product-reviews/B0CX74JKLL/ref=cm_cr_dp_d_show_all_btm?ie=UTF8&reviewerType=all_reviews
420,https://www.amazon.in/AMPEX-Acrylic-Double-Charging-Mounted/product-reviews/B09CKB5NX4/ref=cm_cr_dp_d_show_all_btm?ie=UTF8&reviewerType=all_reviews
421,No Link
422,https://www.amazon.in/Spigen-Ultra-Hybrid-057CS22127-iPhone/product-reviews/B074CMMCZM/ref=cm_cr_dp_d_show_all_btm?ie=UTF8&reviewerType=all_reviews
